{"x":0.063447,"y":0.57702,"w":0.203125,"h":0.37963}