{"x":0.5127990421495939,"y":0.4982456140350877,"w":0.3302631578947368,"h":0.43040935672514624}