{"x":0.11279904214959395,"y":0.34152046783625734,"w":0.5671052631578948,"h":0.6245614035087719}