{"x":0.28122,"y":0.467397,"w":0.217105,"h":0.403425}