{"x":0.19701,"y":0.446128,"w":0.356579,"h":0.436583}