{"x":0.3917464105706466,"y":0.3444975914313779,"w":0.2078947368421053,"h":0.31345029239766087}