{"x":0.48516746320222554,"y":0.1733120388454861,"w":0.2526315789473684,"h":0.36257309941520477}