{"x":0.22303,"y":0.459882,"w":0.287778,"h":0.362447}