{"x":0.306364,"y":0.507256,"w":0.172222,"h":0.309558}