{"x":0.37574552495430136,"y":0.3018003011175487,"w":0.24950300864343677,"h":0.34636627807034}