{"x":0.39043062109696236,"y":0.2964380453901681,"w":0.20657894736842108,"h":0.3508771929824562}